LanguagePack_languageTag,Product_plc
cs-CZ,ACAD_E
cs-CZ,ACD
cs-CZ,ACDLT
cs-CZ,ADSTCP
cs-CZ,ADSTPR
cs-CZ,AECCOL
cs-CZ,AMECH_PP
cs-CZ,ARCHDESK
cs-CZ,ARTCP
cs-CZ,ARTCS
cs-CZ,ASPACD
cs-CZ,BDSADV
cs-CZ,BDSPRM
cs-CZ,BDSS
cs-CZ,BIM360T
cs-CZ,BLDSYS
cs-CZ,BM36TP
cs-CZ,CIV3D
cs-CZ,CONCRD
cs-CZ,FCAMP
cs-CZ,FCAMS
cs-CZ,FCAMU
cs-CZ,FDSADV
cs-CZ,FDSPRM
cs-CZ,FDSS
cs-CZ,HSMPREM
cs-CZ,HSMULT
cs-CZ,IDSP
cs-CZ,IDSS
cs-CZ,IDSU
cs-CZ,IMS
cs-CZ,INHSMP
cs-CZ,INVHSM
cs-CZ,INVLT
cs-CZ,INVLTS
cs-CZ,INVNTOR
cs-CZ,INVPROSA
cs-CZ,INVVAU
cs-CZ,MAP
cs-CZ,MECOLL
cs-CZ,PCOFFI
cs-CZ,PDCOLL
cs-CZ,PDSPRM
cs-CZ,PDSU
cs-CZ,PWRIP
cs-CZ,PWRIS
cs-CZ,PWRIU
cs-CZ,PWRMP
cs-CZ,PWRMS
cs-CZ,PWRMU
cs-CZ,PWRSP
cs-CZ,PWRSS
cs-CZ,PWRSU
cs-CZ,RECAP
cs-CZ,RVT
cs-CZ,SFS
cs-CZ,VEHTRK
cs-CZ,VLTM
cs-CZ,VLTWG
de-DE,3DSMAX
de-DE,A360PP
de-DE,AA360P
de-DE,ACAD_E
de-DE,ACD
de-DE,ACDLT
de-DE,ACMPAN
de-DE,ACMPDS
de-DE,ADSTCP
de-DE,ADSTPR
de-DE,AECCOL
de-DE,AMECH_PP
de-DE,ARCHDESK
de-DE,ARDES
de-DE,ARTCP
de-DE,ARTCS
de-DE,ASMES
de-DE,ASPACD
de-DE,BDSADV
de-DE,BDSPRM
de-DE,BDSS
de-DE,BIM360T
de-DE,BLDSYS
de-DE,BM36TP
de-DE,CFG360
de-DE,CIV3D
de-DE,CONCRD
de-DE,DSPRM
de-DE,DSSTD
de-DE,EGLPRM
de-DE,EGLSTD
de-DE,FCAMP
de-DE,FCAMS
de-DE,FCAMU
de-DE,FDSADV
de-DE,FDSPRM
de-DE,FDSS
de-DE,HSMPREM
de-DE,HSMULT
de-DE,IDSP
de-DE,IDSS
de-DE,IDSU
de-DE,IMS
de-DE,INHSMP
de-DE,INVHSM
de-DE,INVLT
de-DE,INVLTS
de-DE,INVNTOR
de-DE,INVPROSA
de-DE,INVVAU
de-DE,IW360P
de-DE,MAP
de-DE,MBXPRO
de-DE,MECOLL
de-DE,MFAA
de-DE,MFAD
de-DE,MFAM
de-DE,MFCD
de-DE,MFIA
de-DE,MFIB
de-DE,MFIP
de-DE,MFS
de-DE,NAVMAN
de-DE,NAVSIM
de-DE,NETFA
de-DE,NETFS
de-DE,NINCAD
de-DE,NSTRN
de-DE,PCOFFI
de-DE,PDCOLL
de-DE,PDSADV
de-DE,PDSPRM
de-DE,PDSU
de-DE,PLNT3D
de-DE,PLTDSS
de-DE,PNID
de-DE,PWRIP
de-DE,PWRIS
de-DE,PWRIU
de-DE,PWRMP
de-DE,PWRMS
de-DE,PWRMU
de-DE,PWRSP
de-DE,PWRSS
de-DE,PWRSU
de-DE,RECAP
de-DE,RSAPRO
de-DE,RVT
de-DE,RVTLT
de-DE,RVTLTS
de-DE,SBPNL
de-DE,SCDSE
de-DE,SCFD
de-DE,SCFDA
de-DE,SCFDM
de-DE,SFS
de-DE,SHOWCASE
de-DE,VEHTRK
de-DE,VLTM
de-DE,VLTWG
en-US,3DSMAX
en-US,A250
en-US,A280
en-US,A350
en-US,A360MH5
en-US,A360PP
en-US,A400
en-US,AA360P
en-US,ACAD_E
en-US,ACD
en-US,ACDLT
en-US,ACDLTC
en-US,ACDLTM
en-US,ACDMAC
en-US,ACMPAN
en-US,ACMPDS
en-US,ADKVRD
en-US,ADSKFD
en-US,ADSTCP
en-US,ADSTPR
en-US,AECCOL
en-US,ALAUST
en-US,ALSCPT
en-US,ALSSF
en-US,AMECH_PP
en-US,ARCHDESK
en-US,ARDES
en-US,ARTCP
en-US,ARTCS
en-US,ASMES
en-US,ASPACD
en-US,BDSADV
en-US,BDSPRM
en-US,BDSS
en-US,BIM360T
en-US,BLDSYS
en-US,BM36TP
en-US,CADMEP
en-US,CAMDCT
en-US,CF360U
en-US,CFG360
en-US,CHRGEN
en-US,CIV3D
en-US,COLLRP
en-US,COLLRVT
en-US,CONCRD
en-US,DESNST
en-US,DSPRM
en-US,DSSTD
en-US,DYNSTD
en-US,EGLPRM
en-US,EGLSTD
en-US,ESTMEP
en-US,F360B
en-US,F360PRO
en-US,F36TP
en-US,FCAMP
en-US,FCAMS
en-US,FCAMU
en-US,FDSADV
en-US,FDSPRM
en-US,FDSS
en-US,FORMIT
en-US,HSMPREM
en-US,HSMULT
en-US,IDSP
en-US,IDSS
en-US,IDSU
en-US,IETODEV
en-US,IETODIS
en-US,IMS
en-US,INHSMP
en-US,INTSER
en-US,INVAR
en-US,INVETO
en-US,INVHSM
en-US,INVLT
en-US,INVLTS
en-US,INVNTOR
en-US,INVPROSA
en-US,INVVAU
en-US,IW360P
en-US,K100
en-US,LIVE
en-US,MAP
en-US,MAYA
en-US,MAYALT
en-US,MBXPRO
en-US,MECOLL
en-US,MEPCS
en-US,MFAA
en-US,MFAD
en-US,MFAM
en-US,MFCD
en-US,MFIA
en-US,MFIB
en-US,MFIP
en-US,MFS
en-US,MOBPRO
en-US,NAVMAN
en-US,NAVSIM
en-US,NETFA
en-US,NETFS
en-US,NINCAD
en-US,NSTRN
en-US,PCOFFI
en-US,PDCOLL
en-US,PDSADV
en-US,PDSP
en-US,PDSPRM
en-US,PDSU
en-US,PLNT3D
en-US,PLTDSS
en-US,PNID
en-US,PNTLAY
en-US,PWRIP
en-US,PWRIS
en-US,PWRIU
en-US,PWRMP
en-US,PWRMS
en-US,PWRMU
en-US,PWRSP
en-US,PWRSS
en-US,PWRSU
en-US,RCMVRD
en-US,RECAP
en-US,RSAPRO
en-US,RVT
en-US,RVTLT
en-US,RVTLTS
en-US,SBPNL
en-US,SBRDES
en-US,SCDSE
en-US,SCFD
en-US,SCFDA
en-US,SCFDM
en-US,SFS
en-US,SHOWCASE
en-US,SMKDS
en-US,STNGRAY
en-US,STUWAL
en-US,SURFST
en-US,TRUFBR
en-US,UTLDESN
en-US,VEHTRK
en-US,VLTM
en-US,VLTWG
en-US,VRDDES
en-US,VRDPRO
en-US,VRDPRS
es-ES,A360PP
es-ES,AA360P
es-ES,ACAD_E
es-ES,ACD
es-ES,ACDLT
es-ES,ADSTPR
es-ES,AECCOL
es-ES,AMECH_PP
es-ES,ARCHDESK
es-ES,ARTCP
es-ES,ARTCS
es-ES,ASPACD
es-ES,BDSADV
es-ES,BDSPRM
es-ES,BDSS
es-ES,BIM360T
es-ES,BLDSYS
es-ES,BM36TP
es-ES,CFG360
es-ES,CIV3D
es-ES,CONCRD
es-ES,FCAMP
es-ES,FCAMS
es-ES,FCAMU
es-ES,FDSADV
es-ES,FDSPRM
es-ES,FDSS
es-ES,IDSP
es-ES,IDSS
es-ES,IDSU
es-ES,IMS
es-ES,INVLT
es-ES,INVLTS
es-ES,INVNTOR
es-ES,INVPROSA
es-ES,INVVAU
es-ES,IW360P
es-ES,MAP
es-ES,MECOLL
es-ES,MFAA
es-ES,MFAD
es-ES,MFAM
es-ES,MFIA
es-ES,MFIB
es-ES,MFIP
es-ES,MFS
es-ES,NAVMAN
es-ES,NAVSIM
es-ES,PCOFFI
es-ES,PDCOLL
es-ES,PDSPRM
es-ES,PDSU
es-ES,PWRIP
es-ES,PWRIS
es-ES,PWRIU
es-ES,PWRMP
es-ES,PWRMS
es-ES,PWRMU
es-ES,PWRSP
es-ES,PWRSS
es-ES,PWRSU
es-ES,RECAP
es-ES,RSAPRO
es-ES,RVT
es-ES,RVTLT
es-ES,RVTLTS
es-ES,SBPNL
es-ES,SFS
es-ES,VEHTRK
es-ES,VLTM
es-ES,VLTWG
fr-FR,3DSMAX
fr-FR,A360PP
fr-FR,AA360P
fr-FR,ACAD_E
fr-FR,ACD
fr-FR,ACDLT
fr-FR,ACDLTM
fr-FR,ACDMAC
fr-FR,ADSTCP
fr-FR,ADSTPR
fr-FR,AECCOL
fr-FR,AMECH_PP
fr-FR,ARCHDESK
fr-FR,ARDES
fr-FR,ARTCP
fr-FR,ARTCS
fr-FR,ASMES
fr-FR,ASPACD
fr-FR,BDSADV
fr-FR,BDSPRM
fr-FR,BDSS
fr-FR,BIM360T
fr-FR,BLDSYS
fr-FR,BM36TP
fr-FR,CFG360
fr-FR,CIV3D
fr-FR,CONCRD
fr-FR,DSPRM
fr-FR,DSSTD
fr-FR,FCAMP
fr-FR,FCAMS
fr-FR,FCAMU
fr-FR,FDSADV
fr-FR,FDSPRM
fr-FR,FDSS
fr-FR,HSMPREM
fr-FR,HSMULT
fr-FR,IDSP
fr-FR,IDSS
fr-FR,IDSU
fr-FR,IMS
fr-FR,INHSMP
fr-FR,INVHSM
fr-FR,INVLT
fr-FR,INVLTS
fr-FR,INVNTOR
fr-FR,INVPROSA
fr-FR,INVVAU
fr-FR,IW360P
fr-FR,MAP
fr-FR,MBXPRO
fr-FR,MECOLL
fr-FR,MFAA
fr-FR,MFAD
fr-FR,MFAM
fr-FR,MFIA
fr-FR,MFIB
fr-FR,MFIP
fr-FR,MFS
fr-FR,NAVMAN
fr-FR,NAVSIM
fr-FR,NINCAD
fr-FR,NSTRN
fr-FR,PCOFFI
fr-FR,PDCOLL
fr-FR,PDSADV
fr-FR,PDSPRM
fr-FR,PDSU
fr-FR,PLNT3D
fr-FR,PLTDSS
fr-FR,PNID
fr-FR,PWRIP
fr-FR,PWRIS
fr-FR,PWRIU
fr-FR,PWRMP
fr-FR,PWRMS
fr-FR,PWRMU
fr-FR,PWRSP
fr-FR,PWRSS
fr-FR,PWRSU
fr-FR,RECAP
fr-FR,RSAPRO
fr-FR,RVT
fr-FR,RVTLT
fr-FR,RVTLTS
fr-FR,SBPNL
fr-FR,SCDSE
fr-FR,SCFD
fr-FR,SCFDA
fr-FR,SCFDM
fr-FR,SFS
fr-FR,SHOWCASE
fr-FR,VEHTRK
fr-FR,VLTM
fr-FR,VLTWG
hu-HU,ACD
hu-HU,ACDLT
hu-HU,AECCOL
hu-HU,ARTCP
hu-HU,ARTCS
hu-HU,BIM360T
hu-HU,BM36TP
hu-HU,CIV3D
hu-HU,FCAMP
hu-HU,FCAMS
hu-HU,FCAMU
hu-HU,IMS
hu-HU,INVVAU
hu-HU,MAP
hu-HU,MECOLL
hu-HU,PCOFFI
hu-HU,PDCOLL
hu-HU,PWRIP
hu-HU,PWRIS
hu-HU,PWRIU
hu-HU,PWRMP
hu-HU,PWRMS
hu-HU,PWRMU
hu-HU,PWRSP
hu-HU,PWRSS
hu-HU,PWRSU
hu-HU,RECAP
hu-HU,SFS
hu-HU,VEHTRK
hu-HU,VLTM
hu-HU,VLTWG
it-IT,A360PP
it-IT,AA360P
it-IT,ACAD_E
it-IT,ACD
it-IT,ACDLT
it-IT,ADSTPR
it-IT,AECCOL
it-IT,AMECH_PP
it-IT,ARCHDESK
it-IT,ARDES
it-IT,ARTCP
it-IT,ARTCS
it-IT,ASMES
it-IT,ASPACD
it-IT,BDSADV
it-IT,BDSPRM
it-IT,BDSS
it-IT,BIM360T
it-IT,BLDSYS
it-IT,BM36TP
it-IT,CFG360
it-IT,CIV3D
it-IT,CONCRD
it-IT,FCAMP
it-IT,FCAMS
it-IT,FCAMU
it-IT,FDSADV
it-IT,FDSPRM
it-IT,FDSS
it-IT,IDSP
it-IT,IDSS
it-IT,IDSU
it-IT,IMS
it-IT,INVLT
it-IT,INVLTS
it-IT,INVNTOR
it-IT,INVPROSA
it-IT,INVVAU
it-IT,IW360P
it-IT,MAP
it-IT,MECOLL
it-IT,MFAA
it-IT,MFAD
it-IT,MFAM
it-IT,MFIA
it-IT,MFIB
it-IT,MFIP
it-IT,MFS
it-IT,NAVMAN
it-IT,NAVSIM
it-IT,NINCAD
it-IT,NSTRN
it-IT,PCOFFI
it-IT,PDCOLL
it-IT,PDSPRM
it-IT,PDSU
it-IT,PWRIP
it-IT,PWRIS
it-IT,PWRIU
it-IT,PWRMP
it-IT,PWRMS
it-IT,PWRMU
it-IT,PWRSP
it-IT,PWRSS
it-IT,PWRSU
it-IT,RECAP
it-IT,RSAPRO
it-IT,RVT
it-IT,RVTLT
it-IT,RVTLTS
it-IT,SBPNL
it-IT,SCDSE
it-IT,SCFD
it-IT,SCFDA
it-IT,SCFDM
it-IT,SFS
it-IT,VEHTRK
it-IT,VLTM
it-IT,VLTWG
ja-JP,3DSMAX
ja-JP,A360PP
ja-JP,AA360P
ja-JP,ACAD_E
ja-JP,ACD
ja-JP,ACDLT
ja-JP,ACDLTC
ja-JP,ACMPAN
ja-JP,ACMPDS
ja-JP,ADKVRD
ja-JP,AECCOL
ja-JP,ALSSF
ja-JP,AMECH_PP
ja-JP,ARCHDESK
ja-JP,ARDES
ja-JP,ARTCP
ja-JP,ARTCS
ja-JP,ASMES
ja-JP,BDSADV
ja-JP,BDSPRM
ja-JP,BDSS
ja-JP,BIM360T
ja-JP,BLDSYS
ja-JP,BM36TP
ja-JP,CFG360
ja-JP,CIV3D
ja-JP,CONCRD
ja-JP,DSPRM
ja-JP,DSSTD
ja-JP,FCAMP
ja-JP,FCAMS
ja-JP,FCAMU
ja-JP,FDSADV
ja-JP,FDSPRM
ja-JP,FDSS
ja-JP,HSMPREM
ja-JP,HSMULT
ja-JP,IDSP
ja-JP,IDSS
ja-JP,IDSU
ja-JP,IMS
ja-JP,INHSMP
ja-JP,INVHSM
ja-JP,INVLT
ja-JP,INVLTS
ja-JP,INVNTOR
ja-JP,INVPROSA
ja-JP,INVVAU
ja-JP,IW360P
ja-JP,MAP
ja-JP,MAYA
ja-JP,MAYALT
ja-JP,MBXPRO
ja-JP,MECOLL
ja-JP,MFAA
ja-JP,MFAD
ja-JP,MFAM
ja-JP,MFCD
ja-JP,MFIA
ja-JP,MFIB
ja-JP,MFIP
ja-JP,MFS
ja-JP,NAVMAN
ja-JP,NAVSIM
ja-JP,NINCAD
ja-JP,NSTRN
ja-JP,PCOFFI
ja-JP,PDCOLL
ja-JP,PDSADV
ja-JP,PDSPRM
ja-JP,PDSU
ja-JP,PLNT3D
ja-JP,PLTDSS
ja-JP,PNID
ja-JP,PWRIP
ja-JP,PWRIS
ja-JP,PWRIU
ja-JP,PWRMP
ja-JP,PWRMS
ja-JP,PWRMU
ja-JP,PWRSP
ja-JP,PWRSS
ja-JP,PWRSU
ja-JP,RECAP
ja-JP,RSAPRO
ja-JP,RVT
ja-JP,RVTLT
ja-JP,RVTLTS
ja-JP,SBPNL
ja-JP,SCDSE
ja-JP,SCFD
ja-JP,SCFDA
ja-JP,SCFDM
ja-JP,SFS
ja-JP,SHOWCASE
ja-JP,VEHTRK
ja-JP,VLTM
ja-JP,VLTWG
ja-JP,VRDDES
ja-JP,VRDPRO
ja-JP,VRDPRS
ko-KR,3DSMAX
ko-KR,A360PP
ko-KR,AA360P
ko-KR,ACAD_E
ko-KR,ACD
ko-KR,ACDLT
ko-KR,ADKVRD
ko-KR,AECCOL
ko-KR,AMECH_PP
ko-KR,ARCHDESK
ko-KR,ARTCP
ko-KR,ARTCS
ko-KR,BDSADV
ko-KR,BDSPRM
ko-KR,BDSS
ko-KR,BIM360T
ko-KR,BLDSYS
ko-KR,BM36TP
ko-KR,CFG360
ko-KR,CIV3D
ko-KR,CONCRD
ko-KR,DSPRM
ko-KR,DSSTD
ko-KR,FCAMP
ko-KR,FCAMS
ko-KR,FCAMU
ko-KR,FDSADV
ko-KR,FDSPRM
ko-KR,FDSS
ko-KR,IDSP
ko-KR,IDSS
ko-KR,IDSU
ko-KR,INVLT
ko-KR,INVLTS
ko-KR,INVNTOR
ko-KR,INVPROSA
ko-KR,INVVAU
ko-KR,MAP
ko-KR,MECOLL
ko-KR,MFAA
ko-KR,MFAD
ko-KR,MFAM
ko-KR,MFCD
ko-KR,MFIA
ko-KR,MFIB
ko-KR,MFIP
ko-KR,MFS
ko-KR,NAVMAN
ko-KR,NAVSIM
ko-KR,NINCAD
ko-KR,NSTRN
ko-KR,PCOFFI
ko-KR,PDCOLL
ko-KR,PDSPRM
ko-KR,PDSU
ko-KR,PLNT3D
ko-KR,PNID
ko-KR,PWRIP
ko-KR,PWRIS
ko-KR,PWRIU
ko-KR,PWRMP
ko-KR,PWRMS
ko-KR,PWRMU
ko-KR,PWRSP
ko-KR,PWRSS
ko-KR,PWRSU
ko-KR,RECAP
ko-KR,RVT
ko-KR,RVTLT
ko-KR,RVTLTS
ko-KR,SBPNL
ko-KR,SCDSE
ko-KR,SCFD
ko-KR,SCFDA
ko-KR,SCFDM
ko-KR,SFS
ko-KR,SHOWCASE
ko-KR,VEHTRK
ko-KR,VLTM
ko-KR,VLTWG
ko-KR,VRDDES
ko-KR,VRDPRO
ko-KR,VRDPRS
pl-PL,ACAD_E
pl-PL,ACD
pl-PL,ACDLT
pl-PL,ADSTCP
pl-PL,ADSTPR
pl-PL,AECCOL
pl-PL,AMECH_PP
pl-PL,ARCHDESK
pl-PL,ARTCP
pl-PL,ARTCS
pl-PL,ASPACD
pl-PL,BDSADV
pl-PL,BDSPRM
pl-PL,BDSS
pl-PL,BIM360T
pl-PL,BLDSYS
pl-PL,BM36TP
pl-PL,CIV3D
pl-PL,CONCRD
pl-PL,EGLPRM
pl-PL,EGLSTD
pl-PL,FCAMP
pl-PL,FCAMS
pl-PL,FCAMU
pl-PL,FDSADV
pl-PL,FDSPRM
pl-PL,FDSS
pl-PL,IDSP
pl-PL,IDSS
pl-PL,IDSU
pl-PL,INVLT
pl-PL,INVLTS
pl-PL,INVNTOR
pl-PL,INVPROSA
pl-PL,INVVAU
pl-PL,MAP
pl-PL,MECOLL
pl-PL,PCOFFI
pl-PL,PDCOLL
pl-PL,PDSPRM
pl-PL,PDSU
pl-PL,PWRIP
pl-PL,PWRIS
pl-PL,PWRIU
pl-PL,PWRMP
pl-PL,PWRMS
pl-PL,PWRMU
pl-PL,PWRSP
pl-PL,PWRSS
pl-PL,PWRSU
pl-PL,RECAP
pl-PL,RSAPRO
pl-PL,RVT
pl-PL,RVTLT
pl-PL,RVTLTS
pl-PL,SFS
pl-PL,VEHTRK
pl-PL,VLTM
pl-PL,VLTWG
pt-PT,3DSMAX
pt-PT,A360PP
pt-PT,AA360P
pt-PT,ACD
pt-PT,ACDLT
pt-PT,ADSTPR
pt-PT,AECCOL
pt-PT,AMECH_PP
pt-PT,ARTCP
pt-PT,ARTCS
pt-PT,ASPACD
pt-PT,BDSADV
pt-PT,BDSPRM
pt-PT,BDSS
pt-PT,BIM360T
pt-PT,BM36TP
pt-PT,CIV3D
pt-PT,CONCRD
pt-PT,FCAMP
pt-PT,FCAMS
pt-PT,FCAMU
pt-PT,FDSADV
pt-PT,FDSPRM
pt-PT,FDSS
pt-PT,IDSP
pt-PT,IDSS
pt-PT,IDSU
pt-PT,INVLT
pt-PT,INVLTS
pt-PT,INVNTOR
pt-PT,INVPROSA
pt-PT,INVVAU
pt-PT,IW360P
pt-PT,MAP
pt-PT,MECOLL
pt-PT,MFAA
pt-PT,MFAD
pt-PT,MFAM
pt-PT,MFIA
pt-PT,MFIB
pt-PT,MFIP
pt-PT,MFS
pt-PT,NAVMAN
pt-PT,NAVSIM
pt-PT,PCOFFI
pt-PT,PDCOLL
pt-PT,PDSPRM
pt-PT,PDSU
pt-PT,PWRIP
pt-PT,PWRIS
pt-PT,PWRIU
pt-PT,PWRMP
pt-PT,PWRMS
pt-PT,PWRMU
pt-PT,PWRSP
pt-PT,PWRSS
pt-PT,PWRSU
pt-PT,RECAP
pt-PT,RSAPRO
pt-PT,RVT
pt-PT,SBPNL
pt-PT,SFS
pt-PT,VEHTRK
pt-PT,VLTM
pt-PT,VLTWG
ru-RU,A360PP
ru-RU,AA360P
ru-RU,ACAD_E
ru-RU,ACD
ru-RU,ACDLT
ru-RU,ADSTPR
ru-RU,AECCOL
ru-RU,AMECH_PP
ru-RU,ARCHDESK
ru-RU,ARTCP
ru-RU,ARTCS
ru-RU,ASPACD
ru-RU,BDSADV
ru-RU,BDSPRM
ru-RU,BDSS
ru-RU,BIM360T
ru-RU,BLDSYS
ru-RU,BM36TP
ru-RU,CFG360
ru-RU,CIV3D
ru-RU,CONCRD
ru-RU,FCAMP
ru-RU,FCAMS
ru-RU,FCAMU
ru-RU,FDSADV
ru-RU,FDSPRM
ru-RU,FDSS
ru-RU,HSMPREM
ru-RU,HSMULT
ru-RU,IDSP
ru-RU,IDSS
ru-RU,IDSU
ru-RU,INHSMP
ru-RU,INVHSM
ru-RU,INVLT
ru-RU,INVLTS
ru-RU,INVNTOR
ru-RU,INVPROSA
ru-RU,INVVAU
ru-RU,IW360P
ru-RU,MAP
ru-RU,MECOLL
ru-RU,NAVMAN
ru-RU,NAVSIM
ru-RU,PCOFFI
ru-RU,PDCOLL
ru-RU,PDSADV
ru-RU,PDSPRM
ru-RU,PDSU
ru-RU,PLNT3D
ru-RU,PLTDSS
ru-RU,PNID
ru-RU,PWRIP
ru-RU,PWRIS
ru-RU,PWRIU
ru-RU,PWRMP
ru-RU,PWRMS
ru-RU,PWRMU
ru-RU,PWRSP
ru-RU,PWRSS
ru-RU,PWRSU
ru-RU,RECAP
ru-RU,RSAPRO
ru-RU,RVT
ru-RU,SBPNL
ru-RU,SCDSE
ru-RU,SCFD
ru-RU,SCFDA
ru-RU,SCFDM
ru-RU,SFS
ru-RU,SHOWCASE
ru-RU,VEHTRK
ru-RU,VLTM
ru-RU,VLTWG
zh-CN,3DSMAX
zh-CN,A360PP
zh-CN,AA360P
zh-CN,ACAD_E
zh-CN,ACD
zh-CN,ACDLT
zh-CN,ACMPAN
zh-CN,ADKVRD
zh-CN,AECCOL
zh-CN,AMECH_PP
zh-CN,ARCHDESK
zh-CN,ARTCP
zh-CN,ARTCS
zh-CN,ASMES
zh-CN,BDSADV
zh-CN,BDSPRM
zh-CN,BDSS
zh-CN,BIM360T
zh-CN,BLDSYS
zh-CN,BM36TP
zh-CN,CFG360
zh-CN,CIV3D
zh-CN,CONCRD
zh-CN,DSPRM
zh-CN,DSSTD
zh-CN,EGLPRM
zh-CN,EGLSTD
zh-CN,FCAMP
zh-CN,FCAMS
zh-CN,FCAMU
zh-CN,FDSADV
zh-CN,FDSPRM
zh-CN,FDSS
zh-CN,HSMPREM
zh-CN,HSMULT
zh-CN,IDSP
zh-CN,IDSS
zh-CN,IDSU
zh-CN,INHSMP
zh-CN,INVHSM
zh-CN,INVLT
zh-CN,INVLTS
zh-CN,INVNTOR
zh-CN,INVPROSA
zh-CN,INVVAU
zh-CN,IW360P
zh-CN,MAP
zh-CN,MAYA
zh-CN,MAYALT
zh-CN,MECOLL
zh-CN,MFAA
zh-CN,MFAD
zh-CN,MFAM
zh-CN,MFCD
zh-CN,MFIA
zh-CN,MFIB
zh-CN,MFIP
zh-CN,MFS
zh-CN,NAVMAN
zh-CN,NAVSIM
zh-CN,NINCAD
zh-CN,NSTRN
zh-CN,PCOFFI
zh-CN,PDCOLL
zh-CN,PDSADV
zh-CN,PDSPRM
zh-CN,PDSU
zh-CN,PLNT3D
zh-CN,PLTDSS
zh-CN,PNID
zh-CN,PWRIP
zh-CN,PWRIS
zh-CN,PWRIU
zh-CN,PWRMP
zh-CN,PWRMS
zh-CN,PWRMU
zh-CN,PWRSP
zh-CN,PWRSS
zh-CN,PWRSU
zh-CN,RECAP
zh-CN,RSAPRO
zh-CN,RVT
zh-CN,SBPNL
zh-CN,SCDSE
zh-CN,SCFD
zh-CN,SCFDA
zh-CN,SCFDM
zh-CN,SFS
zh-CN,SHOWCASE
zh-CN,VEHTRK
zh-CN,VLTM
zh-CN,VLTWG
zh-CN,VRDDES
zh-CN,VRDPRO
zh-CN,VRDPRS
zh-TW,A360PP
zh-TW,AA360P
zh-TW,ACAD_E
zh-TW,ACD
zh-TW,ACDLT
zh-TW,AECCOL
zh-TW,AMECH_PP
zh-TW,ARCHDESK
zh-TW,ARTCP
zh-TW,ARTCS
zh-TW,BDSADV
zh-TW,BDSPRM
zh-TW,BDSS
zh-TW,BIM360T
zh-TW,BLDSYS
zh-TW,BM36TP
zh-TW,CIV3D
zh-TW,CONCRD
zh-TW,DSPRM
zh-TW,DSSTD
zh-TW,FCAMP
zh-TW,FCAMS
zh-TW,FCAMU
zh-TW,FDSADV
zh-TW,FDSPRM
zh-TW,FDSS
zh-TW,IDSP
zh-TW,IDSS
zh-TW,IDSU
zh-TW,INVLT
zh-TW,INVLTS
zh-TW,INVNTOR
zh-TW,INVPROSA
zh-TW,INVVAU
zh-TW,MAP
zh-TW,MECOLL
zh-TW,MFAA
zh-TW,MFAD
zh-TW,MFAM
zh-TW,MFIA
zh-TW,MFIB
zh-TW,MFIP
zh-TW,MFS
zh-TW,NAVMAN
zh-TW,NAVSIM
zh-TW,NINCAD
zh-TW,PCOFFI
zh-TW,PDCOLL
zh-TW,PDSPRM
zh-TW,PDSU
zh-TW,PWRIP
zh-TW,PWRIS
zh-TW,PWRIU
zh-TW,PWRMP
zh-TW,PWRMS
zh-TW,PWRMU
zh-TW,PWRSP
zh-TW,PWRSS
zh-TW,PWRSU
zh-TW,RECAP
zh-TW,RVT
zh-TW,SBPNL
zh-TW,SCDSE
zh-TW,SCFD
zh-TW,SCFDA
zh-TW,SCFDM
zh-TW,SFS
zh-TW,VEHTRK
zh-TW,VLTM
zh-TW,VLTWG
