name,iconUrl,displayPriority
visa,https://damassets.autodesk.net/content/dam/autodesk/payment-method-logos/visa-logo-100x60.jpg,1
mastercard,https://damassets.autodesk.net/content/dam/autodesk/payment-method-logos/mastercard-logo-100x60.jpg,2
americanexpress,https://damassets.autodesk.net/content/dam/autodesk/payment-method-logos/american-express-logo-100x60.jpg,3
discover,https://damassets.autodesk.net/content/dam/autodesk/payment-method-logos/discover-logo-100x60.jpg,4
jcb,https://damassets.autodesk.net/content/dam/autodesk/payment-method-logos/jcb-logo-100x60.jpg,5
cartebleue,https://damassets.autodesk.net/content/dam/autodesk/payment-method-logos/cartes-bancaires-logo-100x60.jpg,6
cartasi,https://damassets.autodesk.net/content/dam/autodesk/payment-method-logos/cartisi-logo-100x600.jpg,7
dankort,https://damassets.autodesk.net/content/dam/autodesk/payment-method-logos/dankort-logo-100x600.jpg,8
paypal,https://damassets.autodesk.net/content/dam/autodesk/payment-method-logos/paypal-logo-100x60.jpg,9