
{"productLineCode":"GSW","applicationKey":"","countryCode":"CA","quantity":"1","pricingSource":"PELICAN","supportLevel":"","term":"","promotionCode":"","resellerUrl":"http://www.autodesk.ca/en/resellers/locate-a-reseller?product=GSW&lang=en&cntr=Canada","productPageUrl":"http://www.autodesk.com/services/estore/redirect?productLine=GSW&country=CA&language=en","currency":"CAD","currencyFormat":{"symbol":"CDN$","pattern":"�#,##0.00","decimal":".","grouping":",","fraction":"2"},"paymentMethods":[{"name":"visa","iconUrl":"https://damassets.autodesk.net/content/dam/autodesk/payment-method-logos/visa-logo-100x60.jpg"},{"name":"mastercard","iconUrl":"https://damassets.autodesk.net/content/dam/autodesk/payment-method-logos/mastercard-logo-100x60.jpg"},{"name":"americanexpress","iconUrl":"https://damassets.autodesk.net/content/dam/autodesk/payment-method-logos/american-express-logo-100x60.jpg"},{"name":"discover","iconUrl":"https://damassets.autodesk.net/content/dam/autodesk/payment-method-logos/discover-logo-100x60.jpg"},{"name":"paypal","iconUrl":"https://damassets.autodesk.net/content/dam/autodesk/payment-method-logos/paypal-logo-100x60.jpg"}],"purchaseTypes":[{"available":true,"type":"BIC_SUBSCRIPTION","name":"Test-serial-trade-in","supportLevel":"ADVANCED","externalKey":"SO-12241983","billingPlans":[{"billingPeriod":"YEAR","billingPeriodCount":"1","directToCartUrl":"https://cart.bicstg.autodesk.com/r?storeKey=STORE-CA&productIds=344402&language=en-CA&country=CA&visitorId={{visitorId}}","price":{"priceId":"344402","amount":"2000.00","amountFormatted":"CDN$2,000.00","amountBeforeDiscount":"2500.00","amountBeforeDiscountFormatted":"CDN$2,500.00","discount":"500.00","discountFormatted":"CDN$500.00"},"promotion":{"id":"147659","promoName":"CA-FR 20%Off Sitewide test","promoHeadline":"CA - 20%","promoSubHeadline":"CA - 20%","type":"DISCOUNT_PERCENTAGE"}},{"billingPeriod":"YEAR","billingPeriodCount":"3","directToCartUrl":"https://cart.bicstg.autodesk.com/r?storeKey=STORE-CA&productIds=344406&language=en-CA&country=CA&visitorId={{visitorId}}","price":{"priceId":"344406","amount":"6000.00","amountFormatted":"CDN$6,000.00","amountBeforeDiscount":"7500.00","amountBeforeDiscountFormatted":"CDN$7,500.00","discount":"1500.00","discountFormatted":"CDN$1,500.00"},"promotion":{"id":"147659","promoName":"CA-FR 20%Off Sitewide test","promoHeadline":"CA - 20%","promoSubHeadline":"CA - 20%","type":"DISCOUNT_PERCENTAGE"}},{"billingPeriod":"YEAR","billingPeriodCount":"2","directToCartUrl":"https://cart.bicstg.autodesk.com/r?storeKey=STORE-CA&productIds=344410&language=en-CA&country=CA&visitorId={{visitorId}}","price":{"priceId":"344410","amount":"4000.00","amountFormatted":"CDN$4,000.00","amountBeforeDiscount":"5000.00","amountBeforeDiscountFormatted":"CDN$5,000.00","discount":"1000.00","discountFormatted":"CDN$1,000.00"},"promotion":{"id":"147659","promoName":"CA-FR 20%Off Sitewide test","promoHeadline":"CA - 20%","promoSubHeadline":"CA - 20%","type":"DISCOUNT_PERCENTAGE"}},{"billingPeriod":"MONTH","billingPeriodCount":"1","directToCartUrl":"https://cart.bicstg.autodesk.com/r?storeKey=STORE-CA&productIds=344414&language=en-CA&country=CA&visitorId={{visitorId}}","price":{"priceId":"344414","amount":"32.00","amountFormatted":"CDN$32.00","amountBeforeDiscount":"40.00","amountBeforeDiscountFormatted":"CDN$40.00","discount":"8.00","discountFormatted":"CDN$8.00"},"promotion":{"id":"147659","promoName":"CA-FR 20%Off Sitewide test","promoHeadline":"CA - 20%","promoSubHeadline":"CA - 20%","type":"DISCOUNT_PERCENTAGE"}}]}]}