﻿{"productLineCode":"GSW","applicationKey":"","countryCode":"FR","quantity":"1","pricingSource":"PELICAN","supportLevel":"","term":"","promotionCode":"","resellerUrl":"http://www.autodesk.fr/resellers/locate-a-reseller?product=GSW&lang=fr&cntr=France","productPageUrl":"http://www.autodesk.com/services/estore/redirect?productLine=GSW&country=FR&language=fr","currency":"EUR","currencyFormat":{"symbol":"€","pattern":"#,##0.00 ¤","decimal":",","grouping":" ","fraction":"2"},"vatPercentage":"20.00","paymentMethods":[{"name":"visa","iconUrl":"https://damassets.autodesk.net/content/dam/autodesk/payment-method-logos/visa-logo-100x60.jpg"},{"name":"mastercard","iconUrl":"https://damassets.autodesk.net/content/dam/autodesk/payment-method-logos/mastercard-logo-100x60.jpg"},{"name":"americanexpress","iconUrl":"https://damassets.autodesk.net/content/dam/autodesk/payment-method-logos/american-express-logo-100x60.jpg"},{"name":"discover","iconUrl":"https://damassets.autodesk.net/content/dam/autodesk/payment-method-logos/discover-logo-100x60.jpg"},{"name":"jcb","iconUrl":"https://damassets.autodesk.net/content/dam/autodesk/payment-method-logos/jcb-logo-100x60.jpg"},{"name":"cartebleue","iconUrl":"https://damassets.autodesk.net/content/dam/autodesk/payment-method-logos/cartes-bancaires-logo-100x60.jpg"},{"name":"cartasi","iconUrl":"https://damassets.autodesk.net/content/dam/autodesk/payment-method-logos/cartisi-logo-100x600.jpg"},{"name":"dankort","iconUrl":"https://damassets.autodesk.net/content/dam/autodesk/payment-method-logos/dankort-logo-100x600.jpg"},{"name":"paypal","iconUrl":"https://damassets.autodesk.net/content/dam/autodesk/payment-method-logos/paypal-logo-100x60.jpg"}],"purchaseTypes":[{"available":true,"type":"BIC_SUBSCRIPTION","name":"Test-serial-trade-in","supportLevel":"ADVANCED","externalKey":"SO-12241983","billingPlans":[{"billingPeriod":"YEAR","billingPeriodCount":"1","directToCartUrl":"https://cart.bicstg.autodesk.com/r?storeKey=STORE-FR&productIds=344400&language=fr-FR&country=FR&visitorId={{visitorId}}","price":{"priceId":"344400","amount":"1500.00","amountFormatted":"1 500,00 €","amountBeforeDiscount":"1500.00","amountBeforeDiscountFormatted":"1 500,00 €","discount":"0.00","discountFormatted":"0,00 €","vatAmount":"300.00","vatAmountFormatted":"300,00 €","amountBeforeDiscountWithVat":"1800.00","amountBeforeDiscountWithVatFormatted":"1 800,00 €","amountAfterDiscountWithVat":"1800.00","amountAfterDiscountWithVatFormatted":"1 800,00 €"}},{"billingPeriod":"YEAR","billingPeriodCount":"3","directToCartUrl":"https://cart.bicstg.autodesk.com/r?storeKey=STORE-FR&productIds=344404&language=fr-FR&country=FR&visitorId={{visitorId}}","price":{"priceId":"344404","amount":"4500.00","amountFormatted":"4 500,00 €","amountBeforeDiscount":"4500.00","amountBeforeDiscountFormatted":"4 500,00 €","discount":"0.00","discountFormatted":"0,00 €","vatAmount":"900.00","vatAmountFormatted":"900,00 €","amountBeforeDiscountWithVat":"5400.00","amountBeforeDiscountWithVatFormatted":"5 400,00 €","amountAfterDiscountWithVat":"5400.00","amountAfterDiscountWithVatFormatted":"5 400,00 €"}},{"billingPeriod":"YEAR","billingPeriodCount":"2","directToCartUrl":"https://cart.bicstg.autodesk.com/r?storeKey=STORE-FR&productIds=344408&language=fr-FR&country=FR&visitorId={{visitorId}}","price":{"priceId":"344408","amount":"3000.00","amountFormatted":"3 000,00 €","amountBeforeDiscount":"3000.00","amountBeforeDiscountFormatted":"3 000,00 €","discount":"0.00","discountFormatted":"0,00 €","vatAmount":"600.00","vatAmountFormatted":"600,00 €","amountBeforeDiscountWithVat":"3600.00","amountBeforeDiscountWithVatFormatted":"3 600,00 €","amountAfterDiscountWithVat":"3600.00","amountAfterDiscountWithVatFormatted":"3 600,00 €"}},{"billingPeriod":"MONTH","billingPeriodCount":"1","directToCartUrl":"https://cart.bicstg.autodesk.com/r?storeKey=STORE-FR&productIds=344412&language=fr-FR&country=FR&visitorId={{visitorId}}","price":{"priceId":"344412","amount":"20.00","amountFormatted":"20,00 €","amountBeforeDiscount":"20.00","amountBeforeDiscountFormatted":"20,00 €","discount":"0.00","discountFormatted":"0,00 €","vatAmount":"4.00","vatAmountFormatted":"4,00 €","amountBeforeDiscountWithVat":"24.00","amountBeforeDiscountWithVatFormatted":"24,00 €","amountAfterDiscountWithVat":"24.00","amountAfterDiscountWithVatFormatted":"24,00 €"}}]}]}