﻿{"productLineCode":"GSW","applicationKey":"","countryCode":"US","quantity":"1","pricingSource":"PELICAN","supportLevel":"","term":"","promotionCode":"","resellerUrl":"http://www.autodesk.com/resellers/locate-a-reseller?product=GSW&lang=en&cntr=United+States","productPageUrl":"http://www.autodesk.com/services/estore/redirect?productLine=GSW&country=US&language=en","currency":"USD","currencyFormat":{"symbol":"$","pattern":"¤#,##0.00","decimal":".","grouping":",","fraction":"2"},"paymentMethods":[{"name":"visa","iconUrl":"https://damassets.autodesk.net/content/dam/autodesk/payment-method-logos/visa-logo-100x60.jpg"},{"name":"mastercard","iconUrl":"https://damassets.autodesk.net/content/dam/autodesk/payment-method-logos/mastercard-logo-100x60.jpg"},{"name":"americanexpress","iconUrl":"https://damassets.autodesk.net/content/dam/autodesk/payment-method-logos/american-express-logo-100x60.jpg"},{"name":"discover","iconUrl":"https://damassets.autodesk.net/content/dam/autodesk/payment-method-logos/discover-logo-100x60.jpg"},{"name":"paypal","iconUrl":"https://damassets.autodesk.net/content/dam/autodesk/payment-method-logos/paypal-logo-100x60.jpg"}],"purchaseTypes":[{"available":true,"type":"BIC_SUBSCRIPTION","name":"Test-serial-trade-in","supportLevel":"ADVANCED","externalKey":"SO-12241983","billingPlans":[{"billingPeriod":"YEAR","billingPeriodCount":"1","directToCartUrl":"https://cart.bicstg.autodesk.com/r?storeKey=STORE-NAMER&productIds=344399&language=en-US&country=US&visitorId={{visitorId}}","price":{"priceId":"344399","amount":"1000.00","amountFormatted":"$1,000.00","amountBeforeDiscount":"1000.00","amountBeforeDiscountFormatted":"$1,000.00","discount":"0.00","discountFormatted":"$0.00"},"promotion":{}},{"billingPeriod":"YEAR","billingPeriodCount":"3","directToCartUrl":"https://cart.bicstg.autodesk.com/r?storeKey=STORE-NAMER&productIds=344403&language=en-US&country=US&visitorId={{visitorId}}","price":{"priceId":"344403","amount":"3000.00","amountFormatted":"$3,000.00","amountBeforeDiscount":"3000.00","amountBeforeDiscountFormatted":"$3,000.00","discount":"0.00","discountFormatted":"$0.00"},"promotion":{}},{"billingPeriod":"YEAR","billingPeriodCount":"2","directToCartUrl":"https://cart.bicstg.autodesk.com/r?storeKey=STORE-NAMER&productIds=344407&language=en-US&country=US&visitorId={{visitorId}}","price":{"priceId":"344407","amount":"2000.00","amountFormatted":"$2,000.00","amountBeforeDiscount":"2000.00","amountBeforeDiscountFormatted":"$2,000.00","discount":"0.00","discountFormatted":"$0.00"},"promotion":{}},{"billingPeriod":"MONTH","billingPeriodCount":"1","directToCartUrl":"https://cart.bicstg.autodesk.com/r?storeKey=STORE-NAMER&productIds=344411&language=en-US&country=US&visitorId={{visitorId}}","price":{"priceId":"344411","amount":"10.00","amountFormatted":"$10.00","amountBeforeDiscount":"10.00","amountBeforeDiscountFormatted":"$10.00","discount":"0.00","discountFormatted":"$0.00"},"promotion":{}}]}]}
