ConsumerApplicationCountry_countryCode,ConsumerApplicationCountry_languageCode,ConsumerApplicationCountry_consumerApplicationKey,PaymentMethod_name
AT,de,ONLINE,americanexpress
AU,en,ONLINE,americanexpress
BE,fr,ONLINE,americanexpress
BE,nl,ONLINE,americanexpress
BR,pt,ONLINE,americanexpress
CA,en,ONLINE,americanexpress
CA,fr,ONLINE,americanexpress
CH,de,ONLINE,americanexpress
CH,fr,ONLINE,americanexpress
CH,it,ONLINE,americanexpress
CY,tr,ONLINE,americanexpress
DE,de,ONLINE,americanexpress
DK,da,ONLINE,americanexpress
EE,ee,ONLINE,americanexpress
ES,es,ONLINE,americanexpress
FI,fi,ONLINE,americanexpress
FR,fr,ONLINE,americanexpress
GB,en,ONLINE,americanexpress
GR,gr,ONLINE,americanexpress
HR,hr,ONLINE,americanexpress
HU,hu,ONLINE,americanexpress
IE,en,ONLINE,americanexpress
IS,is,ONLINE,americanexpress
IT,it,ONLINE,americanexpress
JP,ja,ONLINE,americanexpress
LI,li,ONLINE,americanexpress
LT,li,ONLINE,americanexpress
LU,lu,ONLINE,americanexpress
LV,lv,ONLINE,americanexpress
MT,mt,ONLINE,americanexpress
NL,nl,ONLINE,americanexpress
NO,no,ONLINE,americanexpress
NZ,en,ONLINE,americanexpress
PL,pl,ONLINE,americanexpress
PT,pt,ONLINE,americanexpress
RO,ro,ONLINE,americanexpress
SE,sv,ONLINE,americanexpress
SG,en,ONLINE,americanexpress
SI,si,ONLINE,americanexpress
SK,sk,ONLINE,americanexpress
US,en,ONLINE,americanexpress
JP,ja,ONLINE,Bank Transfer
BR,pt,ONLINE,boleto
AT,de,ONLINE,cartasi
BE,fr,ONLINE,cartasi
BE,nl,ONLINE,cartasi
BG,bg,ONLINE,cartasi
CY,tr,ONLINE,cartasi
DE,de,ONLINE,cartasi
EE,ee,ONLINE,cartasi
ES,es,ONLINE,cartasi
FI,fi,ONLINE,cartasi
FR,fr,ONLINE,cartasi
GB,en,ONLINE,cartasi
GR,gr,ONLINE,cartasi
HR,hr,ONLINE,cartasi
HU,hu,ONLINE,cartasi
IE,en,ONLINE,cartasi
IS,is,ONLINE,cartasi
IT,it,ONLINE,cartasi
LI,li,ONLINE,cartasi
LT,li,ONLINE,cartasi
LU,lu,ONLINE,cartasi
LV,lv,ONLINE,cartasi
MT,mt,ONLINE,cartasi
NL,nl,ONLINE,cartasi
PT,pt,ONLINE,cartasi
RO,ro,ONLINE,cartasi
SI,si,ONLINE,cartasi
SK,sk,ONLINE,cartasi
AT,de,ONLINE,cartebleue
BE,fr,ONLINE,cartebleue
BE,nl,ONLINE,cartebleue
BG,bg,ONLINE,cartebleue
CY,tr,ONLINE,cartebleue
DE,de,ONLINE,cartebleue
EE,ee,ONLINE,cartebleue
ES,es,ONLINE,cartebleue
FI,fi,ONLINE,cartebleue
FR,fr,ONLINE,cartebleue
GB,en,ONLINE,cartebleue
GR,gr,ONLINE,cartebleue
HR,hr,ONLINE,cartebleue
HU,hu,ONLINE,cartebleue
IE,en,ONLINE,cartebleue
IS,is,ONLINE,cartebleue
IT,it,ONLINE,cartebleue
LI,li,ONLINE,cartebleue
LT,li,ONLINE,cartebleue
LU,lu,ONLINE,cartebleue
LV,lv,ONLINE,cartebleue
MT,mt,ONLINE,cartebleue
NL,nl,ONLINE,cartebleue
PT,pt,ONLINE,cartebleue
RO,ro,ONLINE,cartebleue
SI,si,ONLINE,cartebleue
SK,sk,ONLINE,cartebleue
AT,de,ONLINE,dankort
BE,fr,ONLINE,dankort
BE,nl,ONLINE,dankort
BG,bg,ONLINE,dankort
CY,tr,ONLINE,dankort
DE,de,ONLINE,dankort
EE,ee,ONLINE,dankort
ES,es,ONLINE,dankort
FI,fi,ONLINE,dankort
FR,fr,ONLINE,dankort
GB,en,ONLINE,dankort
GR,gr,ONLINE,dankort
HR,hr,ONLINE,dankort
HU,hu,ONLINE,dankort
IE,en,ONLINE,dankort
IS,is,ONLINE,dankort
IT,it,ONLINE,dankort
LI,li,ONLINE,dankort
LT,li,ONLINE,dankort
LU,lu,ONLINE,dankort
LV,lv,ONLINE,dankort
MT,mt,ONLINE,dankort
NL,nl,ONLINE,dankort
PT,pt,ONLINE,dankort
RO,ro,ONLINE,dankort
SI,si,ONLINE,dankort
SK,sk,ONLINE,dankort
BR,pt,ONLINE,dinersclub
AT,de,ONLINE,discover
BE,fr,ONLINE,discover
BE,nl,ONLINE,discover
BG,bg,ONLINE,discover
CA,en,ONLINE,discover
CA,fr,ONLINE,discover
CY,tr,ONLINE,discover
DE,de,ONLINE,discover
EE,ee,ONLINE,discover
ES,es,ONLINE,discover
FI,fi,ONLINE,discover
FR,fr,ONLINE,discover
GB,en,ONLINE,discover
GR,gr,ONLINE,discover
HR,hr,ONLINE,discover
HU,hu,ONLINE,discover
IE,en,ONLINE,discover
IS,is,ONLINE,discover
IT,it,ONLINE,discover
LI,li,ONLINE,discover
LT,li,ONLINE,discover
LU,lu,ONLINE,discover
LV,lv,ONLINE,discover
MT,mt,ONLINE,discover
NL,nl,ONLINE,discover
PT,pt,ONLINE,discover
RO,ro,ONLINE,discover
SI,si,ONLINE,discover
SK,sk,ONLINE,discover
US,en,ONLINE,discover
BR,pt,ONLINE,elo
AT,de,ONLINE,jcb
BE,fr,ONLINE,jcb
BE,nl,ONLINE,jcb
BG,bg,ONLINE,jcb
CY,tr,ONLINE,jcb
DE,de,ONLINE,jcb
EE,ee,ONLINE,jcb
ES,es,ONLINE,jcb
FI,fi,ONLINE,jcb
FR,fr,ONLINE,jcb
GB,en,ONLINE,jcb
GR,gr,ONLINE,jcb
HR,hr,ONLINE,jcb
HU,hu,ONLINE,jcb
IE,en,ONLINE,jcb
IS,is,ONLINE,jcb
IT,it,ONLINE,jcb
JP,ja,ONLINE,jcb
LI,li,ONLINE,jcb
LT,li,ONLINE,jcb
LU,lu,ONLINE,jcb
LV,lv,ONLINE,jcb
MT,mt,ONLINE,jcb
NL,nl,ONLINE,jcb
PT,pt,ONLINE,jcb
RO,ro,ONLINE,jcb
SI,si,ONLINE,jcb
SK,sk,ONLINE,jcb
JP,ja,ONLINE,Kobini
AT,de,ONLINE,mastercard
AU,en,ONLINE,mastercard
BE,fr,ONLINE,mastercard
BE,nl,ONLINE,mastercard
BG,bg,ONLINE,mastercard
BR,pt,ONLINE,mastercard
CA,en,ONLINE,mastercard
CA,fr,ONLINE,mastercard
CH,de,ONLINE,mastercard
CH,fr,ONLINE,mastercard
CH,it,ONLINE,mastercard
CY,tr,ONLINE,mastercard
CZ,cs,ONLINE,mastercard
DE,de,ONLINE,mastercard
DK,da,ONLINE,mastercard
EE,ee,ONLINE,mastercard
ES,es,ONLINE,mastercard
FI,fi,ONLINE,mastercard
FR,fr,ONLINE,mastercard
GB,en,ONLINE,mastercard
GR,gr,ONLINE,mastercard
HR,hr,ONLINE,mastercard
HU,hu,ONLINE,mastercard
IE,en,ONLINE,mastercard
IN,en,ONLINE,mastercard
IS,is,ONLINE,mastercard
IT,it,ONLINE,mastercard
JP,ja,ONLINE,mastercard
KR,ko,ONLINE,mastercard
LI,li,ONLINE,mastercard
LT,li,ONLINE,mastercard
LU,lu,ONLINE,mastercard
LV,lv,ONLINE,mastercard
MT,mt,ONLINE,mastercard
MX,es,ONLINE,mastercard
NL,nl,ONLINE,mastercard
NO,no,ONLINE,mastercard
NZ,en,ONLINE,mastercard
PL,pl,ONLINE,mastercard
PT,pt,ONLINE,mastercard
RO,ro,ONLINE,mastercard
RU,ru,ONLINE,mastercard
SE,sv,ONLINE,mastercard
SG,en,ONLINE,mastercard
SI,si,ONLINE,mastercard
SK,sk,ONLINE,mastercard
TR,tr,ONLINE,mastercard
US,en,ONLINE,mastercard
AT,de,ONLINE,paypal
AU,en,ONLINE,paypal
BE,fr,ONLINE,paypal
BE,nl,ONLINE,paypal
BG,bg,ONLINE,paypal
BR,pt,ONLINE,paypal
CA,en,ONLINE,paypal
CA,fr,ONLINE,paypal
CH,de,ONLINE,paypal
CH,fr,ONLINE,paypal
CH,it,ONLINE,paypal
CY,tr,ONLINE,paypal
CZ,cs,ONLINE,paypal
DE,de,ONLINE,paypal
DK,da,ONLINE,paypal
EE,ee,ONLINE,paypal
ES,es,ONLINE,paypal
FI,fi,ONLINE,paypal
FR,fr,ONLINE,paypal
GB,en,ONLINE,paypal
GR,gr,ONLINE,paypal
HR,hr,ONLINE,paypal
HU,hu,ONLINE,paypal
IE,en,ONLINE,paypal
IS,is,ONLINE,paypal
IT,it,ONLINE,paypal
JP,ja,ONLINE,paypal
LI,li,ONLINE,paypal
LT,li,ONLINE,paypal
LU,lu,ONLINE,paypal
LV,lv,ONLINE,paypal
MT,mt,ONLINE,paypal
MX,es,ONLINE,paypal
NL,nl,ONLINE,paypal
NO,no,ONLINE,paypal
NZ,en,ONLINE,paypal
PL,pl,ONLINE,paypal
PT,pt,ONLINE,paypal
RO,ro,ONLINE,paypal
RU,ru,ONLINE,paypal
SE,sv,ONLINE,paypal
SG,en,ONLINE,paypal
SI,si,ONLINE,paypal
SK,sk,ONLINE,paypal
US,en,ONLINE,paypal
RU,ru,ONLINE,ru_wiretransfer
AT,de,ONLINE,visa
AU,en,ONLINE,visa
BE,fr,ONLINE,visa
BE,nl,ONLINE,visa
BG,bg,ONLINE,visa
BR,pt,ONLINE,visa
CA,en,ONLINE,visa
CA,fr,ONLINE,visa
CH,de,ONLINE,visa
CH,fr,ONLINE,visa
CH,it,ONLINE,visa
CY,tr,ONLINE,visa
CZ,cs,ONLINE,visa
DE,de,ONLINE,visa
DK,da,ONLINE,visa
EE,ee,ONLINE,visa
ES,es,ONLINE,visa
FI,fi,ONLINE,visa
FR,fr,ONLINE,visa
GB,en,ONLINE,visa
GR,gr,ONLINE,visa
HR,hr,ONLINE,visa
HU,hu,ONLINE,visa
IE,en,ONLINE,visa
IN,en,ONLINE,visa
IS,is,ONLINE,visa
IT,it,ONLINE,visa
JP,ja,ONLINE,visa
KR,ko,ONLINE,visa
LI,li,ONLINE,visa
LT,li,ONLINE,visa
LU,lu,ONLINE,visa
LV,lv,ONLINE,visa
MT,mt,ONLINE,visa
MX,es,ONLINE,visa
NL,nl,ONLINE,visa
NO,no,ONLINE,visa
NZ,en,ONLINE,visa
PL,pl,ONLINE,visa
PT,pt,ONLINE,visa
RO,ro,ONLINE,visa
RU,ru,ONLINE,visa
SE,sv,ONLINE,visa
SG,en,ONLINE,visa
SI,si,ONLINE,visa
SK,sk,ONLINE,visa
TR,tr,ONLINE,visa
US,en,ONLINE,visa
SG,en,ONLINE,wiretransfer
TR,tr,ONLINE,wiretransfer
MY,en,ONLINE,americanexpress
MY,en,ONLINE,mastercard
MY,en,ONLINE,visa
MY,en,ONLINE,Bank Transfer
