Strawman description /   SAP field->,Material Group,Product Line,Release,License Usage,License Type,Product Coming From,Deployment,Platform,Behavior,License Duration,End UserType,Special Sales Program,REF Program Type,Service Type,Service Sales Type,Subscription Level,SAP Price List Type,Valid From,Valid to,Currency,SRP,Seats,MOQ,NFR_USE,Max_User,Contract_Term,Billing_Behavior,Sales_License_Type,Offering_Category,Extra Territory Rights,
Term Bundle - Quarterly New Basic,LICENSE,PTPCRP,,COM,N,,S,,P,,,,,,,,A0,20160807,99991231,USD,2495,1,,,,,,,,,LICENSE-PTPCRP--COM-N--S--P--------A0-99991231-USD-1--------
AdvancedNew,SUBSCRPTN,PTPCRP,,COM,,,,,,,,,,AA,N,GOLDA,A0,20160807,99991231,USD,,,,,,,,,,,SUBSCRPTN-PTPCRP--COM----------AA-N-GOLDA-A0-99991231-USD---------
,SUBSCRPTN,PTPCRP,,COM,,,,,,,,,,AA,R,GOLDA,A0,20160807,99991231,USD,375,,,,,,,,,,SUBSCRPTN-PTPCRP--COM----------AA-R-GOLDA-A0-99991231-USD---------
LateProcessingFee,SERVICES,PTPCRP,,COM,,,,,,,,,,LP,R,,A0,20160807,99991231,USD,01^8,,,,,,,,,,SERVICES-PTPCRP--COM----------LP-R--A0-99991231-USD---------
Term Bundle - Monthly New Advanced,SUBSCRPTN,PTPCRP,,COM,,,,,,,,,,AA,M,MIG,A0,20160807,99991231,USD,123,,,,,,,,,,SUBSCRPTN-PTPCRP--COM----------AA-M-MIG-A0-99991231-USD---------
ComNewSlm,LICENSE,,,COM,N,,S,,P,,,,,,,,A0,20160807,99991231,USD,4995,1,,,,,,,,,LICENSE-PTPCRU--COM-N--S--P--------A0-99991231-USD-1--------
Term Bundle - Monthly New Advanced,SUBSCRPTN,PTPCRU,,COM,,,,,,,,,,AA,N,GOLDA,A0,20160807,99991231,USD,750,,,,,,,,,,SUBSCRPTN-PTPCRU--COM----------AA-N-GOLDA-A0-99991231-USD---------
AdvancedRen,SUBSCRPTN,PTPCRU,,COM,,,,,,,GV,,,AA,R,GOLDA,A0,20160807,99991231,USD,750,,,,,,,,,,SUBSCRPTN-PTPCRU--COM----------AA-R-GOLDA-A0-99991231-USD---------
LateProcessingFee,SERVICES,PTPCRU,,COM,,,,,,,,,,LP,R,,A0,20160807,99991231,USD,100,,,,,,,,NL,,SERVICES-PTPCRU--COM----------LP-R--A0-99991231-USD---------
Term Bundle - Monthly New Advanced,SUBSCRPTN,PTPCRP,,COM,,,,,,,,,,AA,M,MIG,A0,20160807,99991231,USD,123,,,,25,,,,,,SUBSCRPTN-PTPCRP--COM----------AA-M-MIG-A0-99991231-USD---------