countryCode,languageCode,name,SapRegion_id,retailerURL,currency,currencySymbol,vatPercentage,currencyConversionRate,ConsumerApplication_consumerApplicationKey,PricingSourceKey,PricingSource
AE,en,United Arab Emirates,EH,null,USD,null,null,1,SRP,SRPDB,SRPDB
AR,es,Argentina,A8,null,USD,null,null,1,SRP,SRPDB,SRPDB
AT,de,Austria,E0,null,EUR,null,null,1,ONLINE,STORE-DE,PELICAN
AT,de,Austria,E0,null,EUR,null,null,1,SRP,SRPDB,SRPDB
AU,en,Australia,AH,null,AUD,null,null,1,ONLINE,ADSK-AU:en_AU,DR
AU,en,Australia,AH,null,AUD,null,null,1,SRP,SRPDB,SRPDB
BE,fr,Belgium,E0,null,EUR,null,null,1,ONLINE,STORE-EU,PELICAN
BE,fr,Belgium,E0,null,EUR,null,null,1,SRP,SRPDB,SRPDB
BE,nl,Belgium,E0,null,EUR,null,null,1,ONLINE,STORE-EU,PELICAN
BE,nl,Belgium,E0,null,EUR,null,null,1,SRP,SRPDB,SRPDB
BG,bg,Bulgaria,E0,null,EUR,null,null,1,ONLINE,STORE-EU,PELICAN
BR,pt,Brazil,A5,null,BRL,null,null,1,ONLINE,ADSKBR:pt_BR,DR
BR,pt,Brazil,A5,null,BRL,null,null,3.977,SRP,SRPDB,SRPDB
CA,en,Canada,A2,null,CAD,null,null,1,ONLINE,STORE-CA,PELICAN
CA,en,Canada,A2,null,CAD,null,null,1,SRP,SRPDB,SRPDB
CA,fr,Canada,A2,null,CAD,null,null,1,ONLINE,STORE-CA,PELICAN
CA,fr,Canada,A2,null,CAD,null,null,1,SRP,SRPDB,SRPDB
CH,fr,Switzerland,E0,null,CHF,null,null,1,ONLINE,ADSK:fr_CH,DR
CH,fr,Switzerland,E0,null,CHF,null,null,1.175,SRP,SRPDB,SRPDB
CH,it,Switzerland,E0,null,CHF,null,null,1,ONLINE,ADSK:it_CH,DR
CH,it,Switzerland,E0,null,CHF,null,null,1.175,SRP,SRPDB,SRPDB
CH,de,Switzerland,E0,null,CHF,null,null,1,ONLINE,ADSK:de_CH,DR
CH,de,Switzerland,E0,null,CHF,null,null,1.175,SRP,SRPDB,SRPDB
CL,es,Chile,A8,null,USD,null,null,1,SRP,SRPDB,SRPDB
CN,zh,China,AD,null,USD,null,null,1,SRP,SRPDB,SRPDB
CO,es,Colombia,A8,null,USD,null,null,1,SRP,SRPDB,SRPDB
CY,tr,Cyprus,E0,null,EUR,null,null,1,ONLINE,STORE-EU,PELICAN
CZ,cs,Czech Republic,E0,null,CZK,null,null,1,ONLINE,ADSK:cs_CZ,DR
CZ,cs,Czech Republic,E0,null,CZK,null,null,25.408,SRP,SRPDB,SRPDB
DE,de,Germany,E0,null,EUR,null,null,1,ONLINE,STORE-DE,PELICAN
DE,de,Germany,E0,null,EUR,null,null,1,SRP,SRPDB,SRPDB
DK,da,Denmark,E0,null,DKK,null,null,1,ONLINE,ADSK:da_DK,DR
DK,da,Denmark,E0,null,DKK,null,null,7.453,SRP,SRPDB,SRPDB
EE,ee,Estonia,E0,null,EUR,null,null,1,ONLINE,STORE-EU,PELICAN
ES,es,Spain,E0,null,EUR,null,null,1,ONLINE,STORE-ES,PELICAN
ES,es,Spain,E0,null,EUR,null,null,1,SRP,SRPDB,SRPDB
FI,fi,Finland,E0,null,EUR,null,null,1,ONLINE,STORE-EU,PELICAN
FI,fi,Finland,E0,null,EUR,null,null,1,SRP,SRPDB,SRPDB
FR,fr,France,E0,null,EUR,null,null,1,ONLINE,STORE-FR,PELICAN
FR,fr,France,E0,null,EUR,null,null,1,SRP,SRPDB,SRPDB
GB,en,United Kingdom,E5,null,GBP,null,null,1,ONLINE,STORE-UK,PELICAN
GB,en,United Kingdom,E5,null,GBP,null,null,1,SRP,SRPDB,SRPDB
GR,el,Greece,E0,null,EUR,null,null,1,ONLINE,STORE-EU,PELICAN
GR,el,Greece,E0,null,EUR,null,null,1,SRP,SRPDB,SRPDB
HK,en,Hong Kong,AC,null,USD,null,null,1,SRP,SRPDB,SRPDB
HR,hr,Croatia,E0,null,EUR,null,null,1,ONLINE,STORE-EU,PELICAN
HR,hr,Croatia,E0,null,EUR,null,null,1,SRP,SRPDB,SRPDB
HU,hu,Hungary,E0,null,EUR,null,null,1,ONLINE,STORE-EU,PELICAN
HU,hu,Hungary,E0,null,EUR,null,null,1,SRP,SRPDB,SRPDB
ID,id,Indonesia,AG,null,USD,null,null,1,SRP,SRPDB,SRPDB
IE,ga,Ireland,E0,null,EUR,null,null,1,ONLINE,STORE-EU,PELICAN
IE,ga,Ireland,E0,null,EUR,null,null,1,SRP,SRPDB,SRPDB
IL,iw,Israel,EJ,null,USD,null,null,1,SRP,SRPDB,SRPDB
IN,en,India,AJ,null,INR,null,null,1,ONLINE,ADSK:en_IN,DR
IN,en,India,AJ,null,INR,null,null,65.427,SRP,SRPDB,SRPDB
IS,is,Iceland,E0,null,EUR,null,null,1,ONLINE,STORE-EU,PELICAN
IT,it,Italy,E0,null,EUR,null,null,1,ONLINE,STORE-IT,PELICAN
IT,it,Italy,E0,null,EUR,null,null,1,SRP,SRPDB,SRPDB
JP,ja,Japan,AI,null,JPY,null,null,1,ONLINE,ADSKJP:ja_JP,DR
JP,ja,Japan,AI,null,JPY,null,null,1,SRP,SRPDB,SRPDB
KR,ko,Korea Republic Of,AE,null,KRW,null,null,1,ONLINE,ADSKKR:ko_KR,DR
KR,ko,Korea Republic of,AE,null,KRW,null,null,1060,SRP,SRPDB,SRPDB
LI,li,Liechtenstein,E0,null,EUR,null,null,1,ONLINE,STORE-EU,PELICAN
LT,li,Lithuania,E0,null,EUR,null,null,1,ONLINE,STORE-EU,PELICAN
LU,lu,Luxembourg,E0,null,EUR,null,null,1,ONLINE,STORE-EU,PELICAN
LV,lv,Latvia,E0,null,EUR,null,null,1,ONLINE,STORE-EU,PELICAN
MT,mt,Malta,E0,null,EUR,null,null,1,ONLINE,STORE-EU,PELICAN
MX,es,Mexico,A6,null,MXN,null,null,1,ONLINE,ADSK:es_MX,DR
MX,es,Mexico,A6,null,MXN,null,null,18.289,SRP,SRPDB,SRPDB
MY,en,Malaysia,AG,null,USD,null,null,1,SRP,SRPDB,SRPDB
NL,nl,Netherlands,E0,null,EUR,null,null,1,ONLINE,STORE-EU,PELICAN
NL,nl,Netherlands,E0,null,EUR,null,null,1,SRP,SRPDB,SRPDB
NO,no,Norway,E0,null,NOK,null,null,1,ONLINE,ADSK:no_NO,DR
NO,no,Norway,E0,null,NOK,null,null,9.688,SRP,SRPDB,SRPDB
NZ,en,New Zealand,AH,null,NZD,null,null,1,ONLINE,ADSK-AU:en_NZ,DR
NZ,en,New Zealand,AH,null,NZD,null,null,1.1,SRP,SRPDB,SRPDB
PE,es,Peru,A8,null,PEN,null,null,1,SRP,SRPDB,SRPDB
PH,en,Philippines,AG,null,USD,null,null,1,SRP,SRPDB,SRPDB
PK,en,Pakistan,EJ,null,USD,null,null,1,SRP,SRPDB,SRPDB
PL,pl,Poland,E0,null,PLN,null,null,1,ONLINE,ADSK:pl_PL,DR
PL,pl,Poland,E0,null,PLN,null,null,4.223,SRP,SRPDB,SRPDB
PT,pt,Portugal,E0,null,EUR,null,null,1,ONLINE,STORE-EU,PELICAN
PT,pt,Portugal,E0,null,EUR,null,null,1,SRP,SRPDB,SRPDB
RO,ro,Romania,E0,null,EUR,null,null,1,ONLINE,STORE-EU,PELICAN
RO,ro,Romania,E0,null,EUR,null,null,1,SRP,SRPDB,SRPDB
RU,ru,Russian Federation,EL,null,RUB,null,null,1,ONLINE,ADSK:ru_RU,DR
RU,ru,Russian Federation,EL,null,RUB,null,null,61.882,SRP,SRPDB,SRPDB
SA,en,Saudi Arabia,EH,null,USD,null,null,1,SRP,SRPDB,SRPDB
SE,sv,Sweden,E0,null,SEK,null,null,1,ONLINE,ADSK:sv_SE,DR
SE,sv,Sweden,E0,null,SEK,null,null,10.287,SRP,SRPDB,SRPDB
SG,en,Singapore,AK,null,SGD,null,null,1,ONLINE,ADSK-SG:en_SG,DR
SG,en,Singapore,AK,null,SGD,null,null,1.309,SRP,SRPDB,SRPDB
SI,si,Slovenia,E0,null,EUR,null,null,1,SRP,SRPDB,SRPDB
SI,si,Slovenia,E0,null,EUR,null,null,1,ONLINE,STORE-EU,PELICAN
SK,sk,Slovakia,E0,null,EUR,null,null,1,SRP,SRPDB,SRPDB
SK,sk,Slovakia,E0,null,EUR,null,null,1,ONLINE,STORE-EU,PELICAN
TH,en,Thailand,AG,null,USD,null,null,1,SRP,SRPDB,SRPDB
TR,tr,Turkey,EI,null,TRY,null,null,1,ONLINE,ADSK:tr_TR,DR
TR,tr,Turkey,EI,null,TRY,null,null,3.989,SRP,SRPDB,SRPDB
TW,zh,Taiwan Province of China,AC,null,USD,null,null,1,SRP,SRPDB,SRPDB
UA,uk,Ukraine,EM,null,USD,null,null,1,SRP,SRPDB,SRPDB
US,en,United States,A0,null,USD,null,null,1,ONLINE,STORE-NAMER,PELICAN
US,en,United States,A0,null,USD,null,null,1,SRP,SRPDB,SRPDB
UY,es,Uruguay,A8,null,USD,null,null,1,SRP,SRPDB,SRPDB
VN,vi,Viet Nam,AG,null,USD,null,null,1,SRP,SRPDB,SRPDB
ZA,en,South Africa,E1,null,USD,null,null,1,SRP,SRPDB,SRPDB
NL,en,Europe,E0,null,EUR,null,null,1,ONLINE,STORE-EU,PELICAN
NL,en,Europe,E0,null,EUR,null,null,1,SRP,SRPDB,SRPDB
