plc,name
3DSMAX,3ds Max
A360MH5,A360 Team
A360PP,AutoCAD 360 Pro Plus
AA360P,AutoCAD 360 Pro
ACAD_E,AutoCAD Electrical
ACD,AutoCAD
ACDLT,AutoCAD LT
ACDLTC,AutoCAD LT Civil Suite
ACDLTM,AutoCAD LT for Mac
ACDMAC,AutoCAD for Mac
ACMPDS,Helius Composite
ADKVRD,VRED
ADSKFD,Flow Design
ADSTPR,Advance Steel
AECCOL,Architecture Engineering Construction Collection
ALAUST,Alias AutoStudio
ALSCPT,Alias Concept
ALSSF,Alias SpeedForm
AMECH_PP,AutoCAD Mechanical
ARCHDESK,AutoCAD Architecture
ARDES,AutoCAD Raster Design
ARTCS,ArtCAM
ASMES,Simulation Mechanical
ASPACD,AutoCAD with Advance Steel
BDSADV,Building Design Suite Ultimate
BDSPRM,Building Design Suite Premium
BDSS,Building Design Suite Standard
BIM360T,BIM 360 Team
BLDSYS,AutoCAD MEP
BZSW,Buzzsaw
CADMEP,Fabrication CADmep
CAMDCT,Fabrication CAMduct
CFG360,Configurator 360
CHRGEN,Character Generator
CIV3D,AutoCAD Civil 3D
COLLRVT,Collaboration for Revit
CONCRD,Revit Collaboration Suite
DESNST,Alias Design
DSADV,AutoCAD Design Suite Ultimate
DSPRM,AutoCAD Design Suite Premium
DSSTD,AutoCAD Design Suite Standard
DYNSTD,Dynamo Studio
ENCSU,Entertainment Creation Suite Ultimate
ESTMEP,Fabrication ESTmep
F360B,Fusion 360
FCAMP,FeatureCAM _ Premium
FCAMS,FeatureCAM _ Standard
FCAMU,FeatureCAM _ Ultimate 
FDSADV,Factory Design Suite Ultimate
FDSPRM,Factory Design Suite Premium
FDSS,Factory Design Suite Standard
FORMIT,FormIt Pro
FSNT,Fusion Team
GBS,Green Building Studio
HSMPRM,HSMWorks Premium
HSMPRO,HSMWorks Professional
IDSP,Infrastructure Design Suite Premium
IDSS,Infrastructure Design Suite Standard
IDSU,Infrastructure Design Suite Ultimate
IMS,Infrastructure Map Server
INHSMP,Inventor HSM Professional
INVHSM,Inventor HSM
INVLT,Inventor LT
INVLTS,AutoCAD Inventor LT Suite
INVPROSA,Inventor Professional
IW360P,InfraWorks 360
LIVE,LIVE
MAP,AutoCAD Map 3D
MAYA,Maya
MAYALT,Maya LT
MBXPRO,Mudbox
MECOLL,Media and Entertainment Collection
MEPCS,MEP Fabrication Suite
MFAA,Moldflow Adviser Ultimate
MFAD,Moldflow Adviser Standard
MFAM,Moldflow Adviser Premium
MFIA,Moldflow Insight Ultimate
MFIB,Moldflow Insight Standard
MFIP,Moldflow Insight Premium
MMNTO,Autodesk ReMake
MOBPRO,MotionBuilder
MXECS,Entertainment Creation Suite Standard - 3ds Max
MYECS,Entertainment Creation Suite Standard - Maya
NAVMAN,Navisworks Manage
NAVSIM,Navisworks Simulate
NINCAD,Autodesk Nastran In-CAD
NSTRN,Autodesk Nastran
PCOFFI,Vault Office
PDCOLL,Product Design Collection
PDSADV,Plant Design Suite Ultimate
PDSP,Product Design Suite Premium
PDSPRM,Plant Design Suite Premium
PDSU,Product Design Suite Ultimate
PLNT3D,AutoCAD Plant 3D
PLTDSS,Plant Design Suite Standard
PNID,AutoCAD P&ID
PTPCRP,Autocad new value
PTPCRU,Maya 3DS
PNTLAY,Point Layout
PWRIP,PowerInspect Premium
PWRIS,PowerInspect Standard
PWRIU,PowerInspect Ultimate
PWRMP,PowerMill Premium
PWRMS,PowerMill Standard
PWRMU,PowerMill Ultimate
PWRSP,PowerShape Premium
PWRSS,PowerShape Standard
PWRSU,PowerShape Ultimate
RECAP,ReCap 360 Pro
RSAPRO,Robot Structural Analysis Professional
RVT,Revit
RVTLT,Revit LT
RVTLTS,AutoCAD Revit LT Suite
SBPNL,SketchBook Pro 2016
SBRDES,Structural Bridge Design
SHOWCASE,Showcase
SKETPRO,SketchBook Pro 7
SMKDS,Smoke
STNGRAY,Stingray
STUWAL,Studio Wall
SURFST,Alias Surface
UTLDESN,AutoCAD Utility Design
VEHTRK,Vehicle Tracking
VLTM,Vault Professional
VLTWG,Vault Workgroup
VRDDES,VRED Design
VRDPRO,VRED Professional
VRDPRS,VRED Presenter