PromCode,PurchaseTypeStrawmanDescription,PLCs,country Code,Languages,SOURCES
FY19Q1NAMER30MY,Commercial New Single-User 3-Year Subscription with Advanced Support,ACD,US,en,PELICAN
FY19Q1NAMER30MY,Commercial New Single-User Annual Subscription with Advanced Support,APD,US,en,PELICAN
FY19Q1NAMER30MY,Single User CLOUD Commercial New Single-User 2-Year Subscription,ACD,TQ,en,PELICAN
FY19Q1NAMER30MY,Single User CLOUD Commercial New Single-User Annual Subscription,ACD,US,en,PEL
FY19Q1NAMER30MY,Commercial New Single-User 2-Year Subscription with Advanced Support,ACD,US,en,DR
FY19Q1NAMER30MY,Single User CLOUD Commercial New Single-User Annual Subscription,ACD,US,xo,DRR
