promoCode,term,plc,countryCode,language,source,ConsumerApplication_consumerApplicationKey,,
,Commercial New Single-User Annual Subscription with Advanced Support,ACDLT,US,en,PELICAN,ONLINE,,empty promoCode
FY19Q1NAMER30MY,,ACDLT,US,en,PELICAN,ONLINE,,empty term
FY19Q1NAMER30MY,Single User CLOUD Commercial New Single-User 2-Year Subscription,,FR,fr,PELICAN,ONLINE,,empty plc
FY19Q1NAMER30MY,Single User CLOUD Commercial New Single-User 2-Year Subscription,,,fr,PELICAN,ONLINE,,empty countryCode
FY19Q1NAMER30MY,Single User CLOUD Commercial New Single-User Annual Subscription,RVT,FR,,PELICAN,ONLINE,,empty language
FY19Q1NAMER30MY,Commercial New Single-User Annual Subscription with Advanced Support,RVT,US,en,,ONLINE,,empty source
FY19Q1NAMER30MY,Commercial New Single-User Annual Subscription with Advanced Support,RVT,US,en,PELICAN,,,empty appKey
FY19Q1NAMER30MY,Single User CLOUD Commercial New Single-User Annual Subscription,APD,FR,,PELICAN,ONLINE,,invalid plc
FY19Q1NAMER30MY,Single User CLOUD Commercial New Single-User 2-Year Subscription,RVT,TQ,en,PELICAN,ONLINE,,invalid countryCode
FY19Q1NAMER30MY,Single User CLOUD Commercial New Single-User Annual Subscription,RVT,US,xo,DR,ONLINE,,invalid language
FY19Q1NAMER30MY,Single User CLOUD Commercial New Single-User Annual Subscription,RVT,US,en,PEL,ONLINE,,invalid source
FY19Q1NAMER30MY,Single User CLOUD Commercial New Single-User Annual Subscription,RVT,US,en,PELICAN,on,,invalid appKey
FY19Q1NAMER30MY,Single User CLOUD Commercial New Single-User Annual Subscription,RVT,US,it,PELICAN,ONLINE,,invalid countryCode/language/appKey combo
