StrawmanDescription,marketingname,billingPeriod,billingPeriodCount,type,SupportLevel
Commercial New Single-User Monthly Subscription with Advanced Support,1 MONTH ADVANCED,,1,MONTH,ADVANCED
Single User CLOUD Commercial New Single-User Monthly Subscription,1 MONTH ADVANCED,,1,MONTH,ADVANCED
Commercial New Single-User Quarterly Subscription with Advanced Support,1 QUARTER ADVANCED,,1,QUARTER,ADVANCED
Single User CLOUD Commercial New Single-User Quarterly Subscription,1 QUARTER ADVANCED,,1,QUARTER,ADVANCED
Commercial New Single-User Annual Subscription with Advanced Support,1 YEAR ADVANCED,,1,YEAR,ADVANCED
Single User CLOUD Commercial New Single-User Annual Subscription,1 YEAR ADVANCED,,1,YEAR,ADVANCED
Commercial New Single-User 2-Year Subscription with Advanced Support,2 YEAR ADVANCED,,2,YEAR,ADVANCED
Single User CLOUD Commercial New Single-User 2-Year Subscription,2 YEAR ADVANCED,,2,YEAR,ADVANCED
Commercial New Single-User 3-Year Subscription with Advanced Support,3 YEAR ADVANCED,,3,YEAR,ADVANCED
Single User CLOUD Commercial New Single-User 3-Year Subscription,3 YEAR ADVANCED,,3,YEAR,ADVANCED
